-- ============================================
-- IDM-FME DATA SEED SCRIPT
-- ============================================
-- Run this AFTER full-setup.sql in Supabase SQL Editor
-- Contains: 22 clubs, 71 users (1 admin + 70 players), 71 rankings
-- ============================================

BEGIN;

-- Clubs (22)
INSERT INTO "Club" ("id", "name", "slug", "totalPlayers", "femaleCount", "maleCount", "createdAt", "updatedAt") VALUES
  ('cmnkdebal0005o0ax6v2jy4so', 'ALQA', 'alqa', 2, 0, 2, NOW(), NOW()),
  ('cmnkdebao000ao0axgybgoqs1', 'ARNBE', 'arnbe', 0, 0, 0, NOW(), NOW()),
  ('cmnkdebau000io0ax0g71kfqu', 'AVENUE', 'avenue', 3, 0, 3, NOW(), NOW()),
  ('cmnkdebar000do0axbde242e3', 'CROWN', 'crown', 1, 0, 1, NOW(), NOW()),
  ('cmnkdebak0004o0axbiq8hy4x', 'EUPHORIC', 'euphoric', 8, 3, 5, NOW(), NOW()),
  ('cmnkdeban0008o0axsnrex8v3', 'GYMSHARK', 'gymshark', 4, 1, 3, NOW(), NOW()),
  ('cmnkdebap000bo0axnuquf16a', 'JASMINE', 'jasmine', 1, 0, 1, NOW(), NOW()),
  ('cmnkdebaj0002o0axbw44eis2', 'MAXIMOUS', 'maximous', 14, 3, 11, NOW(), NOW()),
  ('cmnkdebam0007o0axbmswcwy6', 'MYSTERY', 'mystery', 1, 0, 1, NOW(), NOW()),
  ('cmnkdebat000ho0axcx5hey19', 'ORPHIC', 'orphic', 1, 0, 1, NOW(), NOW()),
  ('cmnkdebai0001o0axqlnvnxsq', 'PARANOID', 'paranoid', 8, 5, 3, NOW(), NOW()),
  ('cmnkdebas000fo0ax7re6ps86', 'PSALM', 'psalm', 1, 1, 0, NOW(), NOW()),
  ('a3ts1o2yv0d76fzrp9yych8ei', 'Plat R', 'platr', 1, 1, 0, NOW(), NOW()),
  ('cmnkdebar000eo0ax0ionjqrl', 'QUEEN', 'queen', 1, 1, 0, NOW(), NOW()),
  ('cmnkdebam0006o0axvp7s76z1', 'RESTART', 'restart', 3, 1, 2, NOW(), NOW()),
  ('yrhfpcgzw4tjha08fmmv6wz41', 'RNB', 'rnb', 1, 1, 0, NOW(), NOW()),
  ('cmnkdebak0003o0axmeyi3fex', 'SALVADOR', 'salvador', 3, 0, 3, NOW(), NOW()),
  ('cmnkdeban0009o0ax0qk7g71p', 'SECRETS', 'secrets', 2, 1, 1, NOW(), NOW()),
  ('op5wt9mm545jc9t8r83xqvk0m', 'SENSEI', 'sensei', 2, 0, 2, NOW(), NOW()),
  ('cmnkdebah0000o0axr02pd6h0', 'SOUTHERN', 'southern', 9, 4, 5, NOW(), NOW()),
  ('cmnkdebas000go0ax1c752xmf', 'TOGETHER', 'together', 1, 1, 0, NOW(), NOW()),
  ('cmnkdebaq000co0axtdz9imre', 'YAKUZA', 'yakuza', 3, 3, 0, NOW(), NOW())
ON CONFLICT ("id") DO NOTHING;

-- Handle name conflicts too (in case club name exists with different id)
INSERT INTO "Club" ("id", "name", "slug", "totalPlayers", "femaleCount", "maleCount", "createdAt", "updatedAt") VALUES
  ('cmnkdebal0005o0ax6v2jy4so', 'ALQA', 'alqa', 2, 0, 2, NOW(), NOW()),
  ('cmnkdebao000ao0axgybgoqs1', 'ARNBE', 'arnbe', 0, 0, 0, NOW(), NOW()),
  ('cmnkdebau000io0ax0g71kfqu', 'AVENUE', 'avenue', 3, 0, 3, NOW(), NOW()),
  ('cmnkdebar000do0axbde242e3', 'CROWN', 'crown', 1, 0, 1, NOW(), NOW()),
  ('cmnkdebak0004o0axbiq8hy4x', 'EUPHORIC', 'euphoric', 8, 3, 5, NOW(), NOW()),
  ('cmnkdeban0008o0axsnrex8v3', 'GYMSHARK', 'gymshark', 4, 1, 3, NOW(), NOW()),
  ('cmnkdebap000bo0axnuquf16a', 'JASMINE', 'jasmine', 1, 0, 1, NOW(), NOW()),
  ('cmnkdebaj0002o0axbw44eis2', 'MAXIMOUS', 'maximous', 14, 3, 11, NOW(), NOW()),
  ('cmnkdebam0007o0axbmswcwy6', 'MYSTERY', 'mystery', 1, 0, 1, NOW(), NOW()),
  ('cmnkdebat000ho0axcx5hey19', 'ORPHIC', 'orphic', 1, 0, 1, NOW(), NOW()),
  ('cmnkdebai0001o0axqlnvnxsq', 'PARANOID', 'paranoid', 8, 5, 3, NOW(), NOW()),
  ('cmnkdebas000fo0ax7re6ps86', 'PSALM', 'psalm', 1, 1, 0, NOW(), NOW()),
  ('a3ts1o2yv0d76fzrp9yych8ei', 'Plat R', 'platr', 1, 1, 0, NOW(), NOW()),
  ('cmnkdebar000eo0ax0ionjqrl', 'QUEEN', 'queen', 1, 1, 0, NOW(), NOW()),
  ('cmnkdebam0006o0axvp7s76z1', 'RESTART', 'restart', 3, 1, 2, NOW(), NOW()),
  ('yrhfpcgzw4tjha08fmmv6wz41', 'RNB', 'rnb', 1, 1, 0, NOW(), NOW()),
  ('cmnkdebak0003o0axmeyi3fex', 'SALVADOR', 'salvador', 3, 0, 3, NOW(), NOW()),
  ('cmnkdeban0009o0ax0qk7g71p', 'SECRETS', 'secrets', 2, 1, 1, NOW(), NOW()),
  ('op5wt9mm545jc9t8r83xqvk0m', 'SENSEI', 'sensei', 2, 0, 2, NOW(), NOW()),
  ('cmnkdebah0000o0axr02pd6h0', 'SOUTHERN', 'southern', 9, 4, 5, NOW(), NOW()),
  ('cmnkdebas000go0ax1c752xmf', 'TOGETHER', 'together', 1, 1, 0, NOW(), NOW()),
  ('cmnkdebaq000co0axtdz9imre', 'YAKUZA', 'yakuza', 3, 3, 0, NOW(), NOW())
ON CONFLICT ON CONSTRAINT "Club_name_key" DO NOTHING;

-- Users (71)
INSERT INTO "User" ("id", "name", "email", "gender", "tier", "points", "role", "permissions", "isAdmin", "adminPass", "clubId", "createdAt", "updatedAt") VALUES
  ('a6a5a94b-c544-4cd8-b46b-f5acc7c5d012', 'tazos', 'tazos_m@idm.local', 'male', 'A', 106, 'super_admin', '{"tournament":true,"players":true,"bracket":true,"scores":true,"prize":true,"donations":true,"full_reset":true,"manage_admins":true}', true, '$2b$12$fTUvdkzBiUT0fzSDiK5l2.Xc/0lV/U6xRV7iepn78NPZjAQ2gojEy', 'cmnkdeban0008o0axsnrex8v3', NOW(), NOW()),
  ('o2xgo329yxl2jcmh4vj38mgd3', 'Afrona', 'afrona_f@idm.local', 'female', 'B', 83, 'user', '{}', false, NULL, 'cmnkdebah0000o0axr02pd6h0', NOW(), NOW()),
  ('ga0agh2m93oyiz66gzfom26qv', 'AiTan', 'aitan_f@idm.local', 'female', 'S', 495, 'user', '{}', false, NULL, 'cmnkdebai0001o0axqlnvnxsq', NOW(), NOW()),
  ('zkadd4pn5a7qt8s5frd35sc1h', 'EVONY', 'evony_f@idm.local', 'female', 'B', 40, 'user', '{}', false, NULL, 'cmnkdeban0008o0axsnrex8v3', NOW(), NOW()),
  ('wo9db1hqdwxwucb8fkm5iqslq', 'Eive', 'eive_f@idm.local', 'female', 'B', 0, 'user', '{}', false, NULL, 'cmnkdebas000fo0ax7re6ps86', NOW(), NOW()),
  ('vskwrpy71293c99w4od5gi629', 'Elvareca', 'elvareca_f@idm.local', 'female', 'A', 188, 'user', '{}', false, NULL, 'cmnkdebak0004o0axbiq8hy4x', NOW(), NOW()),
  ('qbovh5fgoh7cnfzphazbhvhc2', 'Indy', 'indy_f@idm.local', 'female', 'A', 275, 'user', '{}', false, NULL, 'cmnkdebaj0002o0axbw44eis2', NOW(), NOW()),
  ('n3yg9ficulcl1u83rwdpms4kh', 'Liz', 'liz_f@idm.local', 'female', 'A', 155, 'user', '{}', false, NULL, 'cmnkdebah0000o0axr02pd6h0', NOW(), NOW()),
  ('vftbh9muhmvoqdtfwnsqb904d', 'Veronicc', 'veronicc_f@idm.local', 'female', 'A', 225, 'user', '{}', false, NULL, 'cmnkdebai0001o0axqlnvnxsq', NOW(), NOW()),
  ('3bv2aum60eb3w4q5ktieitf3u', 'Vion', 'vion_f@idm.local', 'female', 'A', 200, 'user', '{}', false, NULL, 'cmnkdebar000eo0ax0ionjqrl', NOW(), NOW()),
  ('hoyuqifjn0sf7k13fcr7ilgj4', 'arcalya', 'arcalya_f@idm.local', 'female', 'A', 240, 'user', '{}', false, NULL, 'cmnkdebah0000o0axr02pd6h0', NOW(), NOW()),
  ('vsdc1nwad1f0drl2flmm0pq0a', 'cami', 'cami_f@idm.local', 'female', 'B', 90, 'user', '{}', false, NULL, 'cmnkdebaj0002o0axbw44eis2', NOW(), NOW()),
  ('nl8xcl65zoillu0tk6lnzjc6m', 'cheeyaqq', 'cheeyaqq_f@idm.local', 'female', 'A', 110, 'user', '{}', false, NULL, 'cmnkdeban0009o0ax0qk7g71p', NOW(), NOW()),
  ('02zk3zywbn8m3fo9qfteumzes', 'ciki_w', 'cikiw_f@idm.local', 'female', 'B', 80, 'user', '{}', false, NULL, 'cmnkdebas000go0ax1c752xmf', NOW(), NOW()),
  ('uu8rpfv2psjx8r2h5zht6nbg8', 'damncil', 'damncil_f@idm.local', 'female', 'B', 37, 'user', '{}', false, NULL, 'cmnkdebak0004o0axbiq8hy4x', NOW(), NOW()),
  ('lccadhz3ix6dofetkj6dnxahs', 'dysa', 'dysa_f@idm.local', 'female', 'S', 305, 'user', '{}', false, NULL, 'cmnkdebam0006o0axvp7s76z1', NOW(), NOW()),
  ('i741zpt7pljs0x3r1ldnsbi3j', 'irazz', 'irazz_f@idm.local', 'female', 'A', 130, 'user', '{}', false, NULL, 'cmnkdebai0001o0axqlnvnxsq', NOW(), NOW()),
  ('4w66fmzyjuketp80kdz67lydp', 'kacee', 'kacee_f@idm.local', 'female', 'A', 178, 'user', '{}', false, NULL, 'cmnkdebaj0002o0axbw44eis2', NOW(), NOW()),
  ('hg159rta7k852farf2hycx7wu', 'meatry', 'meatry_f@idm.local', 'female', 'A', 201, 'user', '{}', false, NULL, 'cmnkdebaq000co0axtdz9imre', NOW(), NOW()),
  ('4cbvmh6e64kqo7i9cphiqcciu', 'mishelle', 'mishelle_f@idm.local', 'female', 'B', 0, 'user', '{}', false, NULL, 'cmnkdebai0001o0axqlnvnxsq', NOW(), NOW()),
  ('fehwtusuiks4gvuraoydh2op9', 'moy', 'moy_f@idm.local', 'female', 'B', 90, 'user', '{}', false, NULL, 'cmnkdebaq000co0axtdz9imre', NOW(), NOW()),
  ('4cih5e508cevpbrty6enohz1v', 'reptil', 'reptil_f@idm.local', 'female', 'S', 470, 'user', '{}', false, NULL, 'cmnkdebah0000o0axr02pd6h0', NOW(), NOW()),
  ('jm8dk6cnb0tzb1gqbnek0veix', 's_melin', 'smelin_f@idm.local', 'female', 'B', 54, 'user', '{}', false, NULL, 'a3ts1o2yv0d76fzrp9yych8ei', NOW(), NOW()),
  ('0uxy4qer4fbwlg407l0fuemr0', 'skylin', 'skylin_f@idm.local', 'female', 'A', 194, 'user', '{}', false, NULL, 'cmnkdebak0004o0axbiq8hy4x', NOW(), NOW()),
  ('vwq58q6e64jdyzqgzvsymojr5', 'weywey', 'weywey_f@idm.local', 'female', 'A', 157, 'user', '{}', false, NULL, 'yrhfpcgzw4tjha08fmmv6wz41', NOW(), NOW()),
  ('on2onc5rn389c03ms7w72015k', 'yaaay', 'yaaay_f@idm.local', 'female', 'B', 67, 'user', '{}', false, NULL, 'cmnkdebaq000co0axtdz9imre', NOW(), NOW()),
  ('tztnbbwfp6po0c51ebbnk2xpp', 'yoonabi', 'yoonabi_f@idm.local', 'female', 'B', 37, 'user', '{}', false, NULL, 'cmnkdebai0001o0axqlnvnxsq', NOW(), NOW()),
  ('tv17wamqlurd6s5nbivd8ifyy', 'Afroki', 'afroki_m@idm.local', 'male', 'S', 421, 'user', '{}', false, NULL, 'cmnkdebah0000o0axr02pd6h0', NOW(), NOW()),
  ('z3kvmafawf0kt0ad82zoqphok', 'Airuen', 'airuen_m@idm.local', 'male', 'S', 450, 'user', '{}', false, NULL, 'cmnkdebau000io0ax0g71kfqu', NOW(), NOW()),
  ('pd8kn5g4gochx8qh1cbqedwg3', 'Armors', 'armors_m@idm.local', 'male', 'S', 363, 'user', '{}', false, NULL, 'cmnkdebah0000o0axr02pd6h0', NOW(), NOW()),
  ('z26lgurhix2zxxhbo4lx6rsb9', 'Bambang', 'bambang_m@idm.local', 'male', 'A', 153, 'user', '{}', false, NULL, 'cmnkdebaj0002o0axbw44eis2', NOW(), NOW()),
  ('wkjaml9dcbqlwyfuuxgfwv57u', 'CARAOSEL', 'caraosel_m@idm.local', 'male', 'B', 87, 'user', '{}', false, NULL, 'cmnkdebat000ho0axcx5hey19', NOW(), NOW()),
  ('nk0iimpycd1hthvxbqyzf1rje', 'Chrollo', 'chrollo_m@idm.local', 'male', 'A', 138, 'user', '{}', false, NULL, 'cmnkdebak0004o0axbiq8hy4x', NOW(), NOW()),
  ('ajppfagr5r1vecl31z63c7t2a', 'DUUL', 'duul_m@idm.local', 'male', 'B', 0, 'user', '{}', false, NULL, 'cmnkdebai0001o0axqlnvnxsq', NOW(), NOW()),
  ('1crme5qc67c3bbytu0ud78tvw', 'Dylee', 'dylee_m@idm.local', 'male', 'A', 120, 'user', '{}', false, NULL, 'op5wt9mm545jc9t8r83xqvk0m', NOW(), NOW()),
  ('cboarq1pynghdl11t6yrz8mwz', 'Earth', 'earth_m@idm.local', 'male', 'A', 130, 'user', '{}', false, NULL, 'cmnkdebaj0002o0axbw44eis2', NOW(), NOW()),
  ('83vdylncogfzllpfsz4qqrjx3', 'Georgie', 'georgie_m@idm.local', 'male', 'B', 84, 'user', '{}', false, NULL, 'cmnkdebal0005o0ax6v2jy4so', NOW(), NOW()),
  ('o9295fi6ad8y4ond17tbicwp6', 'Jave', 'jave_m@idm.local', 'male', 'A', 200, 'user', '{}', false, NULL, 'cmnkdebam0006o0axvp7s76z1', NOW(), NOW()),
  ('7qf8rbdq7uheqrsiyat6ulky2', 'KIERAN', 'kieran_m@idm.local', 'male', 'B', 0, 'user', '{}', false, NULL, 'cmnkdebaj0002o0axbw44eis2', NOW(), NOW()),
  ('ypavp6ft2yu9v9utqgvu185qe', 'KIRA', 'kira_m@idm.local', 'male', 'B', 0, 'user', '{}', false, NULL, 'cmnkdebah0000o0axr02pd6h0', NOW(), NOW()),
  ('8fkfi1h8mvfg21p2dxe6y6662', 'Kageno', 'kageno_m@idm.local', 'male', 'A', 117, 'user', '{}', false, NULL, 'cmnkdebau000io0ax0g71kfqu', NOW(), NOW()),
  ('rh1i4hw6i6uidd7cnyz6o32im', 'Life', 'life_m@idm.local', 'male', 'A', 118, 'user', '{}', false, NULL, 'cmnkdebak0003o0axmeyi3fex', NOW(), NOW()),
  ('quzd32zav9amfftl8txutu2l6', 'Oura', 'oura_m@idm.local', 'male', 'A', 287, 'user', '{}', false, NULL, 'cmnkdebak0003o0axmeyi3fex', NOW(), NOW()),
  ('mvc4hrng15a1u1hugrbeakig5', 'RIVALDO', 'rivaldo_m@idm.local', 'male', 'A', 186, 'user', '{}', false, NULL, 'cmnkdebak0004o0axbiq8hy4x', NOW(), NOW()),
  ('7vx6citw2tokljvs85dfo62c3', 'RONALD', 'ronald_m@idm.local', 'male', 'B', 0, 'user', '{}', false, NULL, 'cmnkdebaj0002o0axbw44eis2', NOW(), NOW()),
  ('kd0kr56yt1enndqom215fmmn4', 'Ren', 'ren_m@idm.local', 'male', 'B', 67, 'user', '{}', false, NULL, 'cmnkdebaj0002o0axbw44eis2', NOW(), NOW()),
  ('q3gx0yq2kbtyzp0beqxe7v713', 'VBBOY', 'vbboy_m@idm.local', 'male', 'B', 0, 'user', '{}', false, NULL, 'cmnkdebau000io0ax0g71kfqu', NOW(), NOW()),
  ('5nr2hjpchfisf6eaaqqhhpu43', 'VICKY', 'vicky_m@idm.local', 'male', 'B', 80, 'user', '{}', false, NULL, 'cmnkdebaj0002o0axbw44eis2', NOW(), NOW()),
  ('mo8xcn16v4kvayfk4ic082v43', 'Vankless', 'vankless_m@idm.local', 'male', 'S', 305, 'user', '{}', false, NULL, 'cmnkdebah0000o0axr02pd6h0', NOW(), NOW()),
  ('gbmwcvrktnnlywbnx6ivkx165', 'Vriskey_', 'vriskey_m@idm.local', 'male', 'B', 66, 'user', '{}', false, NULL, 'cmnkdebak0004o0axbiq8hy4x', NOW(), NOW()),
  ('uddh085glhu8u15qsl6yjmg67', 'WHYSON', 'whyson_m@idm.local', 'male', 'A', 199, 'user', '{}', false, NULL, 'cmnkdebam0006o0axvp7s76z1', NOW(), NOW()),
  ('cv1gtwikjq9gnlx1l2yyp9ugp', 'XIAOPEI', 'xiaopei_m@idm.local', 'male', 'B', 0, 'user', '{}', false, NULL, 'cmnkdebar000do0axbde242e3', NOW(), NOW()),
  ('vgy1jjgzz7pg5h2isis799ohu', 'ZABYER', 'zabyer_m@idm.local', 'male', 'B', 0, 'user', '{}', false, NULL, 'cmnkdebap000bo0axnuquf16a', NOW(), NOW()),
  ('bnafqe21xlyvjup4ixrggafx6', 'ZORO', 'zoro_m@idm.local', 'male', 'B', 0, 'user', '{}', false, NULL, 'cmnkdebai0001o0axqlnvnxsq', NOW(), NOW()),
  ('oejngkouwx3ym155ywh5cex1l', 'afi', 'afi_m@idm.local', 'male', 'A', 100, 'user', '{}', false, NULL, 'cmnkdebaj0002o0axbw44eis2', NOW(), NOW()),
  ('wc4n7ci3hk5l000r2m8skv7hw', 'astro', 'astro_m@idm.local', 'male', 'B', 37, 'user', '{}', false, NULL, 'cmnkdebaj0002o0axbw44eis2', NOW(), NOW()),
  ('9n6zxqcox8kg6y36x2vi0se2z', 'cepz', 'cepz_m@idm.local', 'male', 'B', 0, 'user', '{}', false, NULL, 'cmnkdebak0003o0axmeyi3fex', NOW(), NOW()),
  ('dfvtzotl37mnp4a3sq0vn1sxj', 'chikoo', 'chikoo_m@idm.local', 'male', 'B', 69, 'user', '{}', false, NULL, 'op5wt9mm545jc9t8r83xqvk0m', NOW(), NOW()),
  ('z6cma2osf2fqmy8jmoj4iq0y7', 'fyy', 'fyy_m@idm.local', 'male', 'A', 100, 'user', '{}', false, NULL, 'cmnkdeban0008o0axsnrex8v3', NOW(), NOW()),
  ('lraqplts8snlcwjvmiiokxfdu', 'ipinnn', 'ipinnn_m@idm.local', 'male', 'A', 233, 'user', '{}', false, NULL, 'cmnkdeban0008o0axsnrex8v3', NOW(), NOW()),
  ('te0ueqoon7492tigf09f75o5k', 'janskie', 'janskie_m@idm.local', 'male', 'A', 245, 'user', '{}', false, NULL, 'cmnkdebah0000o0axr02pd6h0', NOW(), NOW()),
  ('1lx8rw9w4jacdcdu1p3my4ywr', 'jugger', 'jugger_m@idm.local', 'male', 'B', 66, 'user', '{}', false, NULL, 'cmnkdeban0008o0axsnrex8v3', NOW(), NOW()),
  ('l95qhout4ppgxxey7tcvyiwww', 'justice', 'justice_m@idm.local', 'male', 'A', 133, 'user', '{}', false, NULL, 'cmnkdebak0004o0axbiq8hy4x', NOW(), NOW()),
  ('jiqpr5b1al94bw9o3id73hekn', 'marimo', 'marimo_m@idm.local', 'male', 'A', 242, 'user', '{}', false, NULL, 'cmnkdeban0009o0ax0qk7g71p', NOW(), NOW()),
  ('giac3v3hvtr68u248sxhnszbp', 'montiel', 'montiel_m@idm.local', 'male', 'B', 75, 'user', '{}', false, NULL, 'cmnkdebai0001o0axqlnvnxsq', NOW(), NOW()),
  ('hwcwsnbvnoy89eiemi97p7chn', 'sheraid', 'sheraid_m@idm.local', 'male', 'B', 54, 'user', '{}', false, NULL, 'cmnkdebaj0002o0axbw44eis2', NOW(), NOW()),
  ('5x5mmwow54qvmp9gq3akdidhg', 'tonsky', 'tonsky_m@idm.local', 'male', 'A', 100, 'user', '{}', false, NULL, 'cmnkdebaj0002o0axbw44eis2', NOW(), NOW()),
  ('48jvxu94h5h1gnxanf86lx98g', 'yay', 'yay_m@idm.local', 'male', 'S', 319, 'user', '{}', false, NULL, 'cmnkdebaj0002o0axbw44eis2', NOW(), NOW()),
  ('93nbrco3spcopejw67xreuf9k', 'ziafu', 'ziafu_m@idm.local', 'male', 'S', 400, 'user', '{}', false, NULL, 'cmnkdebam0007o0axbmswcwy6', NOW(), NOW()),
  ('e8zunpdz6jkstmvglzrzxps2l', 'zico', 'zico_m@idm.local', 'male', 'A', 125, 'user', '{}', false, NULL, 'cmnkdebak0004o0axbiq8hy4x', NOW(), NOW()),
  ('omlq8rte0lz0d5gsi6dg1evub', 'zmz', 'zmz_m@idm.local', 'male', 'S', 390, 'user', '{}', false, NULL, 'cmnkdebal0005o0ax6v2jy4so', NOW(), NOW())
ON CONFLICT ("id") DO NOTHING;

-- Rankings (71)
INSERT INTO "Ranking" ("id", "userId", "points", "wins", "losses") VALUES
  ('cmnkdof7g000ro0rw06dn2ira', '02zk3zywbn8m3fo9qfteumzes', 80, 0, 0),
  ('cmnkdof7a0003o0rwew8v1eji', '0uxy4qer4fbwlg407l0fuemr0', 194, 0, 0),
  ('cmnkds5o50001o0zfalwcsbbm', '1crme5qc67c3bbytu0ud78tvw', 120, 0, 0),
  ('cmnkdruln001no0ymj72hud7f', '1lx8rw9w4jacdcdu1p3my4ywr', 66, 0, 0),
  ('cmnkdof7b0007o0rwfm0902jp', '3bv2aum60eb3w4q5ktieitf3u', 200, 0, 0),
  ('cmnkdruks000vo0ym91ukj6d1', '48jvxu94h5h1gnxanf86lx98g', 319, 0, 0),
  ('cmnkdof7f000lo0rw0cnp69p7', '4cbvmh6e64kqo7i9cphiqcciu', 0, 0, 0),
  ('cmnkdof7g000to0rw6r459yw6', '4cih5e508cevpbrty6enohz1v', 470, 0, 0),
  ('cmnkdof7f000no0rwyfskammf', '4w66fmzyjuketp80kdz67lydp', 178, 0, 0),
  ('cmnkdrulv001vo0ymi22ib5dr', '5nr2hjpchfisf6eaaqqhhpu43', 80, 0, 0),
  ('cmnkdrulg001ho0ym8663bzej', '5x5mmwow54qvmp9gq3akdidhg', 100, 0, 0),
  ('cmnkdrulz001zo0ymun4lxbrw', '7qf8rbdq7uheqrsiyat6ulky2', 0, 0, 0),
  ('cmnkdrum10021o0ym5adqc2jw', '7vx6citw2tokljvs85dfo62c3', 0, 0, 0),
  ('cmnkdrul10013o0ymu24898tf', '83vdylncogfzllpfsz4qqrjx3', 84, 0, 0),
  ('cmnkdrukc000ho0ymr3jharga', '8fkfi1h8mvfg21p2dxe6y6662', 117, 0, 0),
  ('cmnkdruk8000do0ympwuai7r1', '93nbrco3spcopejw67xreuf9k', 400, 0, 0),
  ('cmnkdrujs0001o0ymkb3sil3h', '9n6zxqcox8kg6y36x2vi0se2z', 0, 0, 0),
  ('cmnkdrumd002do0ymfteby65b', 'a6a5a94b-c544-4cd8-b46b-f5acc7c5d012', 106, 0, 0),
  ('cmnkdrulr001ro0ymzdn3co7x', 'ajppfagr5r1vecl31z63c7t2a', 0, 0, 0),
  ('cmnkdrult001to0ymbjp81d14', 'bnafqe21xlyvjup4ixrggafx6', 0, 0, 0),
  ('cmnkdrul70019o0ym62tmm2xf', 'cboarq1pynghdl11t6yrz8mwz', 130, 0, 0),
  ('cmnkdrum50025o0ym0reeu3ov', 'cv1gtwikjq9gnlx1l2yyp9ugp', 0, 0, 0),
  ('cmnkds5o80003o0zfmivnq0e8', 'dfvtzotl37mnp4a3sq0vn1sxj', 69, 0, 0),
  ('cmnkdrukh000lo0ymzdoqyluq', 'e8zunpdz6jkstmvglzrzxps2l', 125, 0, 0),
  ('cmnkdof7l001do0rw2kpnbs72', 'fehwtusuiks4gvuraoydh2op9', 90, 0, 0),
  ('cmnkdof7i000xo0rwavrggz9g', 'ga0agh2m93oyiz66gzfom26qv', 495, 0, 0),
  ('cmnkdrukj000no0ym2ktp7fw0', 'gbmwcvrktnnlywbnx6ivkx165', 66, 0, 0),
  ('cmnkdrulc001do0yms20aj6lz', 'giac3v3hvtr68u248sxhnszbp', 75, 0, 0),
  ('cmnkdof7h000vo0rwuc3raiiu', 'hg159rta7k852farf2hycx7wu', 201, 0, 0),
  ('cmnkdof7i000zo0rwtyh2aci3', 'hoyuqifjn0sf7k13fcr7ilgj4', 240, 0, 0),
  ('cmnkdrukq000to0ymsskig485', 'hwcwsnbvnoy89eiemi97p7chn', 54, 0, 0),
  ('cmnkdof7f000po0rwqq63m59y', 'i741zpt7pljs0x3r1ldnsbi3j', 130, 0, 0),
  ('cmnkdrule001fo0ymcna6qctu', 'jiqpr5b1al94bw9o3id73hekn', 242, 0, 0),
  ('cmnkdof7j0011o0rwa0gmh2nf', 'jm8dk6cnb0tzb1gqbnek0veix', 54, 0, 0),
  ('cmnkdrulj001jo0ym9qml26j0', 'kd0kr56yt1enndqom215fmmn4', 67, 0, 0),
  ('cmnkdrumb002bo0ymw32ywpgp', 'l95qhout4ppgxxey7tcvyiwww', 133, 0, 0),
  ('cmnkdof7k0019o0rwlzubr2uf', 'lccadhz3ix6dofetkj6dnxahs', 305, 0, 0),
  ('cmnkdrukn000ro0ymzyebpig9', 'lraqplts8snlcwjvmiiokxfdu', 233, 0, 0),
  ('cmnkdrul50017o0ymwxka0c9g', 'mo8xcn16v4kvayfk4ic082v43', 305, 0, 0),
  ('cmnkdrull001lo0ymby37d2ka', 'mvc4hrng15a1u1hugrbeakig5', 186, 0, 0),
  ('cmnkdof7c000bo0rwgiff7q7r', 'n3yg9ficulcl1u83rwdpms4kh', 155, 0, 0),
  ('cmnkdrul40015o0ymfsclyfwb', 'nk0iimpycd1hthvxbqyzf1rje', 138, 0, 0),
  ('cmnkdof7a0005o0rw74wt5gvi', 'nl8xcl65zoillu0tk6lnzjc6m', 110, 0, 0),
  ('cmnkdof7c000do0rw1bbj0eal', 'o2xgo329yxl2jcmh4vj38mgd3', 83, 0, 0),
  ('cmnkdrukx000zo0ymw50q602m', 'o9295fi6ad8y4ond17tbicwp6', 200, 0, 0),
  ('cmnkdruka000fo0ym63d8yshh', 'oejngkouwx3ym155ywh5cex1l', 100, 0, 0),
  ('cmnkdrukz0011o0ymcp2gtguu', 'omlq8rte0lz0d5gsi6dg1evub', 390, 0, 0),
  ('cmnkdof7l001bo0rwppm8kz8g', 'on2onc5rn389c03ms7w72015k', 67, 0, 0),
  ('cmnkdruk30009o0ym7hzks9yj', 'pd8kn5g4gochx8qh1cbqedwg3', 363, 0, 0),
  ('cmnkdrum90029o0ymzxfgtfsn', 'q3gx0yq2kbtyzp0beqxe7v713', 0, 0, 0),
  ('cmnkdof790001o0rwhxfdbhi1', 'qbovh5fgoh7cnfzphazbhvhc2', 275, 0, 0),
  ('cmnkdrukv000xo0ym0yxap4xs', 'quzd32zav9amfftl8txutu2l6', 287, 0, 0),
  ('cmnkdruk10007o0ym6jxw2tss', 'rh1i4hw6i6uidd7cnyz6o32im', 118, 0, 0),
  ('cmnkdrukf000jo0ym5u1qt6gd', 'te0ueqoon7492tigf09f75o5k', 245, 0, 0),
  ('cmnkdrujw0003o0ymkritk3a2', 'tv17wamqlurd6s5nbivd8ifyy', 421, 0, 0),
  ('cmnkdof7j0013o0rwgknd8drh', 'tztnbbwfp6po0c51ebbnk2xpp', 37, 0, 0),
  ('cmnkdrulp001po0ymw67m4dpq', 'uddh085glhu8u15qsl6yjmg67', 199, 0, 0),
  ('cmnkdof7k0017o0rwa2u6pxcr', 'uu8rpfv2psjx8r2h5zht6nbg8', 37, 0, 0),
  ('cmnkdof7b0009o0rwxite5nza', 'vftbh9muhmvoqdtfwnsqb904d', 225, 0, 0),
  ('cmnkdrum70027o0ymg8wkmj3m', 'vgy1jjgzz7pg5h2isis799ohu', 0, 0, 0),
  ('cmnkdof7e000jo0rwxnqz0skj', 'vsdc1nwad1f0drl2flmm0pq0a', 90, 0, 0),
  ('cmnkdof7d000fo0rwhci0o0lz', 'vskwrpy71293c99w4od5gi629', 188, 0, 0),
  ('cmnkdof7d000ho0rw41j9ktzx', 'vwq58q6e64jdyzqgzvsymojr5', 157, 0, 0),
  ('cmnkdrukl000po0ymw43gnftv', 'wc4n7ci3hk5l000r2m8skv7hw', 37, 0, 0),
  ('cmnkdrulx001xo0ymgeg4qhbp', 'wkjaml9dcbqlwyfuuxgfwv57u', 87, 0, 0),
  ('cmnkdof7j0015o0rwej7zy1nu', 'wo9db1hqdwxwucb8fkm5iqslq', 0, 0, 0),
  ('cmnkdrum30023o0ymkq32db93', 'ypavp6ft2yu9v9utqgvu185qe', 0, 0, 0),
  ('cmnkdruk5000bo0ym4q68zoiu', 'z26lgurhix2zxxhbo4lx6rsb9', 153, 0, 0),
  ('cmnkdrujy0005o0ymtjjeuppq', 'z3kvmafawf0kt0ad82zoqphok', 450, 0, 0),
  ('cmnkdrula001bo0ymh15c1j1a', 'z6cma2osf2fqmy8jmoj4iq0y7', 100, 0, 0),
  ('cmnkdof7m001fo0rwkrkzw1hb', 'zkadd4pn5a7qt8s5frd35sc1h', 40, 0, 0)
ON CONFLICT ("id") DO NOTHING;

COMMIT;
